"name image","name folder"
"2.jpg","Agilis 3"
"3.jpg","Agilis 3"
"main.jpg","Agilis 3"
"main.png","Agilis 3"
"main.jpg","ATLAS AS380"
"s-l1600.jpg","ATLAS AS380"
"main.webp","Cross Terrain"
"main.jpg","CrossWind HP010"
"s-l1600 (2).jpg","CrossWind HP010"
"s-l1600 (5).jpg","CrossWind HP010"
"s-l1600 (6).jpg","CrossWind HP010"
"CW-R791.jpg","Crosswind R791"
"main.jpg","Crosswind R791"
"main.png","Crosswind R791"
"main.jpg","Energy XM2 +"
"main.png","Energy XM2 +"
"michelin-energy-xm2-plus-2.jpg","Energy XM2 +"
"1.jpg","FORCE HP"
"2.jpg","FORCE HP"
"main.jpg","FORCE HP"
"1.jpg","FORCE UHP"
"main.jpg","FORCE UHP"
"s-l1600 (10).jpg","FORCE UHP"
"s-l1600 (11).jpg","FORCE UHP"
"s-l1600 (2).jpg","FORCE UHP"
"s-l1600 (3).jpg","FORCE UHP"
"s-l1600 (4).jpg","FORCE UHP"
"s-l1600 (5).jpg","FORCE UHP"
"s-l1600 (7).jpg","FORCE UHP"
"s-l1600 (9).jpg","FORCE UHP"
"s-l1600.jpg","FORCE UHP"
"main.jpg","GREEN-MAX VAN"
"s-l1600 (1).jpg","GREEN-MAX VAN"
"s-l1600 (2).jpg","GREEN-MAX VAN"
"s-l500.jpg","GREEN-MAX VAN"
"main.png","LAND SPORT"
"1.webp","Latitude Sport 3"
"2.webp","Latitude Sport 3"
"3.webp","Latitude Sport 3"
"main.webp","Latitude Sport 3"
"1.webp","Latitude Tour HP"
"2.webp","Latitude Tour HP"
"3.webp","Latitude Tour HP"
"main.webp","Latitude Tour HP"
"main.jpg","LION SPORT 3"
"s-l1600 (1).jpg","LION SPORT 3"
"s-l1600 (10).jpg","LION SPORT 3"
"s-l1600 (2).jpg","LION SPORT 3"
"s-l1600 (3).jpg","LION SPORT 3"
"s-l1600 (5).jpg","LION SPORT 3"
"s-l1600 (6).jpg","LION SPORT 3"
"s-l1600 (7).jpg","LION SPORT 3"
"s-l1600 (8).jpg","LION SPORT 3"
"s-l1600 (9).jpg","LION SPORT 3"
"s-l1600.jpg","LION SPORT 3"
"main.jpg","LION SPORT 44 HP"
"s-l1600 (1).jpg","LION SPORT 44 HP"
"s-l1600 (11).jpg","LION SPORT 44 HP"
"s-l1600 (2).jpg","LION SPORT 44 HP"
"s-l1600 (3).jpg","LION SPORT 44 HP"
"s-l1600.jpg","LION SPORT 44 HP"
"71Z5WIn1+BL._AC_SL1000_.jpg","LION SPORT 44 HP3"
"81fSOELwmtL._AC_SL1500_.jpg","LION SPORT 44 HP3"
"81fzTV0aZuL._AC_SL1500_.jpg","LION SPORT 44 HP3"
"81l9YbvUnYL._AC_SL1500_.jpg","LION SPORT 44 HP3"
"81Wo2NIWFdL._AC_SL1500_.jpg","LION SPORT 44 HP3"
"main.jpg","LION SPORT 44 HP3"
"56c93fdb-796f-4f4a-8925-29fd698e0c67.5fe827430f552b9e18fa7f6aa508dcb9.jpeg","LION SPORT AT"
"leao-lion-sport-at-b-245-75-16-n901582-2__36013.jpg","LION SPORT AT"
"leao-lion-sport-at-b-245-75-16-n901582-3__97568.jpg","LION SPORT AT"
"main.jpg","LION SPORT AT"
"s-l1600.jpg","LION SPORT AT"
"main.jpg","LION SPORT AT2"
"z4272587263732_ea5a85b17e167dcd6131bf65d7039efc.jpg","LION SPORT AT2"
"5184SV3WE3L._AC_.jpg","LION SPORT GP"
"51ABYjrG8bL._AC_.jpg","LION SPORT GP"
"51DHtG39Z9L._AC_.jpg","LION SPORT GP"
"612CRLDZ3ZL._AC_.jpg","LION SPORT GP"
"61dSVHIbUsL._AC_.jpg","LION SPORT GP"
"main.jpg","LION SPORT GP"
"main.jpg","LION SPORT HP"
"s-l1600 (1).jpg","LION SPORT HP"
"s-l1600 (3).jpg","LION SPORT HP"
"s-l1600.jpg","LION SPORT HP"
"main.jpg","LION SPORT HP3"
"s-l1600 (2).jpg","LION SPORT HP3"
"s-l1600 (3).jpg","LION SPORT HP3"
"s-l1600 (4).jpg","LION SPORT HP3"
"s-l1600 (5).jpg","LION SPORT HP3"
"s-l1600.jpg","LION SPORT HP3"
"773d5cca-e5d1-48e3-bcc1-b0f4d2f6f86c.d939f1aa0288ee3.jpg","LION SPORT HT"
"773d5cca-e5d1-48e3-bcc1-b0f4d2f6f86c.d939f1aa0288ee314909e35e76589daa.jpeg","LION SPORT HT"
"ed1d3802-b33b-45d8-be2e-c30fd6b521e4.9ea81d66c5e31c9632da5c373bdb503f.jpeg","LION SPORT HT"
"main.jpg","LION SPORT HT"
"71aC-BqT6VL._AC_SL1500_.jpg","LION SPORT MT"
"81Gs9OtSLNL._AC_SL1500_.jpg","LION SPORT MT"
"81PR5zNAWUL._AC_SL1500_.jpg","LION SPORT MT"
"81qRIs6luOL._AC_SL1500_.jpg","LION SPORT MT"
"81ssBhtHp-L._AC_SL1500_.jpg","LION SPORT MT"
"910MOkQUi6L._AC_SL1500_.jpg","LION SPORT MT"
"91SYwIz0kVL._AC_SL1500_.jpg","LION SPORT MT"
"91ZJ804VEDL._AC_SL1500_.jpg","LION SPORT MT"
"main.png","LION SPORT MT"
"s-l1600 (1).png","LL GREEN-MAX ECO TOURING"
"s-l1600 (2).png","LL GREEN-MAX ECO TOURING"
"s-l1600.png","LL GREEN-MAX ECO TOURING"
"112469.jpg","LL760"
"1.webp","LTX Force"
"2.webp","LTX Force"
"3.webp","LTX Force"
"4.webp","LTX Force"
"main.webp","LTX Force"
"1.webp","LTX Trail"
"2.webp","LTX Trail"
"3.webp","LTX Trail"
"4.webp","LTX Trail"
"main.webp","LTX Trail"
"main.jpg","no name"
"main.png","no name"
"main.jpg","NOVAFORCE HP"
"main.jpg","PARALLER 44 HP"
"s-l1600 (1).jpg","PARALLER 44 HP"
"s-l1600 (12).jpg","PARALLER 44 HP"
"s-l1600 (2).jpg","PARALLER 44 HP"
"s-l1600 (4).jpg","PARALLER 44 HP"
"s-l1600 (5).jpg","PARALLER 44 HP"
"s-l1600.jpg","PARALLER 44 HP"
"main.jpg","PARALLER AT"
"s-l1600 (1).jpg","PARALLER AT"
"s-l1600 (2).jpg","PARALLER AT"
"s-l1600 (4).jpg","PARALLER AT"
"s-l1600 (6).jpg","PARALLER AT"
"s-l1600.jpg","PARALLER AT"
"117715720_3559597367383886_434448647211182519_n.jpg","PARALLER HT"
"main.jpg","PARALLER HT"
"1.webp","Pilot Sport 4"
"2.webp","Pilot Sport 4"
"main.webp","Pilot Sport 4"
"1.webp","Pilot Sport 5"
"main.webp","Pilot Sport 5"
"1.webp","Pilot Super Sport"
"2.webp","Pilot Super Sport"
"main.webp","Pilot Super Sport"
"1.webp","Primacy 3"
"2.webp","Primacy 3"
"main.webp","Primacy 3"
"1.jpg","Primacy 4"
"2.jpg","Primacy 4"
"3.jpg","Primacy 4"
"4.jpg","Primacy 4"
"main.jpg","Primacy 4"
"main.png","Primacy 4"
"1.webp","Primacy All Season"
"2.webp","Primacy All Season"
"main.webp","Primacy All Season"
"1.webp","Primacy SUV"
"2.webp","Primacy SUV"
"3.webp","Primacy SUV"
"main.webp","Primacy SUV"
"main.jpg","PRIVA AT"
"s-l1600 (1).jpg","PRIVA AT"
"s-l1600.jpg","PRIVA AT"
"27d7bdc6-7716-4b69-af80-383fff48fd64_1.eba117c51cb99a6b95f7795fda6444ce (1).jpeg","PRIVA HT 2 115T AT"
"main.jpg","PRIVA HT 2 115T AT"
"main.png","RADIAL R701"
"leao-sport-g5-b-215-45-17-n1453519-1__66296.jpg","SPORT G5"
"main.jpg","SPORT G5"
"atlas-tire-touring-plus-ii-b-235-70-16-n1540626-1__67974.jpg","Tire Touring Plus II"
"atlas-tire-touring-plus-ii-b-235-70-16-n1540626-2__49047.jpg","Tire Touring Plus II"
"main.jpg","Tire Touring Plus II"
